{
    "openapi": "3.0.0",
    "info": {
        "title": "FICSULLANA BACKEND DOCUMENTATION",
        "description": "FICSULLANA BACKEND DOCUMENTATION",
        "version": "1.0"
    },
    "servers": [
        {
            "url": ""
        }
    ],
    "paths": {
        "/api/login": {
            "post": {
                "tags": [
                    "AUTH CONTROLLER"
                ],
                "summary": "Iniciar sesión",
                "description": "Autentica al usuario y devuelve un token JWT de acceso y refresh",
                "operationId": "login",
                "requestBody": {
                    "required": true,
                    "content": {
                        "application/json": {
                            "schema": {
                                "required": [
                                    "username",
                                    "password"
                                ],
                                "properties": {
                                    "username": {
                                        "type": "string",
                                        "example": "usuario123"
                                    },
                                    "password": {
                                        "type": "string",
                                        "format": "password",
                                        "example": "secreto123"
                                    }
                                },
                                "type": "object"
                            }
                        }
                    }
                },
                "responses": {
                    "200": {
                        "description": "Login exitoso",
                        "content": {
                            "application/json": {
                                "schema": {
                                    "properties": {
                                        "message": {
                                            "type": "string",
                                            "example": "Login exitoso"
                                        },
                                        "access_token": {
                                            "type": "string",
                                            "example": "eyJ0eXAiOiJKV1QiLCJhb..."
                                        },
                                        "refresh_token": {
                                            "type": "string",
                                            "example": "eyJ0eXAiOiJKV1QiLCJhb..."
                                        },
                                        "token_type": {
                                            "type": "string",
                                            "example": "bearer"
                                        },
                                        "expires_in": {
                                            "type": "integer",
                                            "example": 3600
                                        }
                                    },
                                    "type": "object"
                                }
                            }
                        }
                    },
                    "400": {
                        "description": "Datos inválidos",
                        "content": {
                            "application/json": {
                                "schema": {
                                    "properties": {
                                        "message": {
                                            "type": "string",
                                            "example": "Datos inválidos"
                                        },
                                        "errors": {
                                            "type": "object",
                                            "example": {
                                                "username": [
                                                    "El campo username es obligatorio."
                                                ],
                                                "password": [
                                                    "El campo password es obligatorio."
                                                ]
                                            }
                                        }
                                    },
                                    "type": "object"
                                }
                            }
                        }
                    },
                    "401": {
                        "description": "Credenciales incorrectas",
                        "content": {
                            "application/json": {
                                "schema": {
                                    "properties": {
                                        "message": {
                                            "type": "string",
                                            "example": "Usuario o contraseña incorrectos"
                                        }
                                    },
                                    "type": "object"
                                }
                            }
                        }
                    }
                }
            }
        }
    },
    "tags": [
        {
            "name": "AUTH CONTROLLER",
            "description": "AUTH CONTROLLER"
        }
    ]
}